cur_ori,distance
0.00872664625997166,0.0
0.00872664625997166,0.0
0.00872664625997166,0.0
0.00872664625997166,0.0
0.00872664625997166,0.0
0.00872664625997166,0.0
0.00872664625997166,0.0
0.00872664625997166,0.0
0.00872664625997166,0.0
0.00872664625997166,0.0
0.00872664625997166,0.0
0.00872664625997166,0.0
0.00872664625997166,0.0
0.00872664625997166,0.0
0.00872664625997166,0.0
0.00872664625997166,0.0
0.00872664625997166,0.0
0.00872664625997166,0.0
0.00872664625997166,0.0
0.00872664625997166,0.0
0.00872664625997166,0.0
0.00872664625997166,0.0
0.00872664625997166,0.0
0.00872664625997166,0.0
0.00872664625997166,0.0
0.00872664625997166,0.0
0.00872664625997166,0.0
0.00872664625997166,0.0
0.00872664625997166,0.0
0.00872664625997166,0.0
0.00872664625997166,0.0
0.00872664625997166,0.0
0.00872664625997166,0.0
0.00872664625997166,0.0
0.00872664625997166,0.0
0.00872664625997166,0.0
0.00872664625997166,0.0
0.00872664625997166,0.0
0.00872664625997166,0.0
0.00872664625997166,0.0
0.00872664625997166,0.0
0.00872664625997166,0.0
0.00872664625997166,0.0
0.00872664625997166,0.0
0.00872664625997166,0.0
0.00872664625997166,0.0
0.00872664625997166,0.0
0.00872664625997166,0.0
0.00872664625997166,0.0
0.00872664625997166,0.0
0.00872664625997166,0.0
0.00872664625997166,0.0
0.00872664625997166,0.0
0.00872664625997166,0.0
0.00872664625997166,0.0
0.00872664625997166,0.0
0.00872664625997166,0.0
0.00872664625997166,0.0
0.00872664625997166,0.0
0.00872664625997166,0.0
0.00872664625997166,0.0
0.00872664625997166,0.0
0.00872664625997166,0.0
0.00872664625997166,0.0
0.00872664625997166,0.0
0.00872664625997166,0.0
0.00872664625997166,0.0
0.00872664625997166,0.0
0.00872664625997166,0.0
0.00872664625997166,0.0
0.00872664625997166,0.0
0.00872664625997166,0.0
0.00872664625997166,0.0
0.00872664625997166,0.0
0.00872664625997166,0.0
0.00872664625997166,0.0
0.00872664625997166,0.0
0.00872664625997166,0.0
0.00872664625997166,0.0
0.00872664625997166,0.0
0.00872664625997166,0.0
0.00872664625997166,0.0
0.00872664625997166,0.0
0.00872664625997166,0.0
0.00872664625997166,0.0
0.00872664625997166,0.0
0.00872664625997166,0.0
0.00872664625997166,0.0
0.00872664625997166,0.0
0.00872664625997166,1.117e-05
0.00872664625997166,0.0
0.00872664625997166,0.0
0.00872664625997166,0.0
0.00872664625997166,0.0
0.00872664625997166,0.0
0.00872664625997166,0.0
0.00872664625997166,1.117e-05
0.00872664625997166,0.0075956
0.00872664625997166,0.008422178308002341
0.00872664625997166,0.010890750000000001
0.013962634015954767,0.015872557205728926
0.01745329251994343,0.020843208805368132
0.015707963267948988,0.02833828796251788
0.013962634015954767,0.03164460181237502
0.013962634015954767,0.03433657673299938
0.010471975511966103,0.03229242587258201
-0.005235987755982885,0.022987645785984962
-0.001745329251994221,0.04111667021810321
-0.005235987755982885,0.033521137884009525
-0.012217304763960213,0.032571658606704426
-0.020943951023931873,0.033208292787379065
-0.024434609527920537,0.032772773811983104
-0.033161255787892197,0.03590025707355848
-0.031415926535897754,0.037140247323571726
-0.041887902047863856,0.03571033606288009
-0.050614548307835405,0.037821472083265376
-0.03839724354387519,0.043383991986216786
-0.04537856055185252,0.03903907491075256
-0.04712388980384674,0.04342895693370807
-0.05235987755982985,0.04364110474005793
-0.050614548307835405,0.044110309577221854
-0.050614548307835405,0.04249064363920442
-0.0558505360638184,0.032549335850007514
-0.04363323129985808,0.0590775687184144
-0.04712388980384674,0.04653419398670678
-0.048869219055841184,0.04760653659371415
-0.05235987755982985,0.047316070567183295
-0.050614548307835405,0.04741660971131322
-0.059341194567807065,0.04510429391424372
-0.04537856055185252,0.051057600646612696
-0.048869219055841184,0.04764000051990541
-0.05235987755982985,0.04856713726368179
-0.0558505360638184,0.04709269320475089
-0.048869219055841184,0.04748353537296525
-0.059341194567807065,0.04380849647625386
-0.04537856055185252,0.0496500942073262
-0.048869219055841184,0.04760647666692948
-0.050614548307835405,0.0486230065354961
-0.0558505360638184,0.04774051323875302
-0.050614548307835405,0.04870113330218753
-0.06108652381980151,0.045807845217663075
-0.04712388980384674,0.06509801621824352
-0.05410520681182407,0.05131483914817767
-0.057595865315812844,0.03917316677789826
-0.06283185307179573,0.05165002662769522
-0.06108652381980151,0.05163889629346314
-0.07155849933176739,0.04739404620493302
-0.06283185307179573,0.06572396298850565
-0.06457718232379017,0.04876818875307367
-0.07330382858376172,0.048209550275327945
-0.06981317007977306,0.04714854276915505
-0.06981317007977306,0.04474701133627743
-0.07330382858376172,0.04648950223928485
-0.06283185307179573,0.04929292338027841
-0.06981317007977306,0.060027430873416734
-0.06981317007977306,0.03860351999999967
-0.06981317007977306,0.06378066526638293
-0.0767944870877505,0.04669050410695735
-0.07155849933176739,0.05288984337237949
-0.06457718232379017,0.05233128329909674
-0.07330382858376172,0.051158467781303535
-0.0767944870877505,0.050678265757314225
-0.07330382858376172,0.05304630514063805
-0.08203047484373338,0.04909191760129638
-0.07155849933176739,0.05666516424519967
-0.0767944870877505,0.054353133633610426
-0.08377580409572771,0.06953312641793562
-0.08028514559173916,0.04197683505223628
-0.08377580409572771,0.05238724564555708
-0.07853981633974472,0.07295115116037633
-0.0767944870877505,0.05736908273881089
-0.08726646259971638,0.05743589226987902
-0.08377580409572771,0.05668767345482062
-0.08726646259971638,0.05337022908341681
-0.08552113334772204,0.05837439319538962
-0.08028514559173916,0.05792750455699031
-0.09075712110370504,0.05696681522020469
-0.08901179185171071,0.05643082503846744
-0.09075712110370504,0.05263302646530723
-0.09250245035569948,0.056832935414309046
-0.08377580409572771,0.057234868572152785
-0.0942477796076937,0.05635240435988829
-0.09599310885968804,0.055861155394414115
-0.0942477796076937,0.055972865934061616
-0.0994837673636767,0.05584992388721596
-0.09075712110370504,0.05894394207034076
-0.0994837673636767,0.07234784138370438
-0.10122909661567103,0.05811746174395836
-0.10122909661567103,0.05588350468129539
-0.10471975511965959,0.04398743430039908
-0.09599310885968804,0.060876288740825076
-0.10297442586766536,0.058742917126279624
-0.10821041362364825,0.057826996812909745
-0.10646508437165403,0.05771538575631468
-0.10995574287564269,0.055671253468562575
-0.10122909661567103,0.059714544049290004
-0.10821041362364825,0.05702273433064226
-0.11519173063162569,0.05647541259323394
-0.10995574287564269,0.05736906102564566
-0.11519173063162569,0.05409626429060215
-0.10471975511965959,0.059077803150653904
-0.10995574287564269,0.05638607039434351
-0.11693705988361991,0.05698927011356346
-0.11170107212763702,0.05611799225358365
-0.11868238913561435,0.05158295430714109
-0.10995574287564269,0.05787155675404422
-0.10995574287564269,0.0554701988785615
-0.11868238913561435,0.0549004120462473
-0.11693705988361991,0.05626327515738994
-0.11868238913561435,0.051750586790028016
-0.11693705988361991,0.05770419367530056
-0.11344640137963136,0.0430044673831178
-0.11868238913561435,0.05641959133327653
-0.11868238913561435,0.11232545864610294
-0.12566370614359168,0.05467704412824041
-0.11693705988361991,0.05746938424754645
-0.12391837689159724,0.05418556163888954
-0.12915436464758034,0.0512590871472544
-0.12566370614359168,0.05340374532700553
-0.12915436464758034,0.04605386051606905
-0.11868238913561435,0.040513373563086076
-0.11344640137963136,0.05358238246876577
-0.11170107212763702,0.055805315979889594
-0.10821041362364825,0.07143213474804926
-0.10122909661567103,0.041943248572692896
-0.09250245035569948,0.07197922199092514
-0.0767944870877505,0.06069710246942841
-0.07853981633974472,0.05982650440137705
-0.06981317007977306,0.060865208751348245
-0.06806784082777873,0.056229764688319216
-0.057595865315812844,0.060049610483130546
-0.041887902047863856,0.05904396595312201
-0.041887902047863856,0.05695581916714866
-0.03839724354387519,0.05653133740781794
-0.040142572795869524,0.051940477324718806
-0.03839724354387519,0.052945765741478225
-0.0279252680319092,0.05457636647709611
-0.033161255787892197,0.05220853639333492
-0.03665191429188086,0.053459573937729106
-0.029670597283903533,0.05369408344652542
-0.040142572795869524,0.04833232261219247
-0.02617993877991487,0.053861309989697875
-0.029670597283903533,0.09214110406429107
-0.029670597283903533,0.05236489530047026
-0.029670597283903533,0.053012754701928184
-0.03839724354387519,0.09293367397917386
-0.03490658503988642,0.055068000107106524
-0.040142572795869524,0.05461005404999891
-0.041887902047863856,0.05458774449585286
-0.04712388980384674,0.05198510829024971
-0.05235987755982985,0.05265529776211658
-0.04712388980384674,0.05538081403530274
-0.050614548307835405,0.052063320257630205
-0.06108652381980151,0.05243168853651535
-0.057595865315812844,0.052655350939231564
-0.06457718232379017,0.05023134532836065
-0.057595865315812844,0.07138720139868655
-0.06108652381980151,0.056553655547728406
-0.07155849933176739,0.05920074177695786
-0.07330382858376172,0.059267993127658125
-0.08203047484373338,0.05512375091101429
-0.07504915783575605,0.06197103618585548
-0.07853981633974472,0.061423777392996814
-0.08552113334772204,0.06125611122115821
-0.08028514559173916,0.0611891642184154
-0.08901179185171071,0.059055587197924454
-0.08203047484373338,0.04742774382402682
-0.08377580409572771,0.060898789910989924
-0.08901179185171071,0.07516275535378432
-0.09075712110370504,0.060027531424099084
-0.0942477796076937,0.05929031148257938
-0.08552113334772204,0.062395401022298694
-0.0942477796076937,0.05913377193750624
-0.0942477796076937,0.05974830725268012
-0.0942477796076937,0.044132669999999416
-0.09773843811168237,0.07021457248510235
-0.08901179185171071,0.05991565909556955
-0.09599310885968804,0.058240269840343965
-0.0942477796076937,0.05791643497966378
-0.09599310885968804,0.055995186041371776
-0.0994837673636767,0.043875734752573683
-0.08901179185171071,0.060418197467322195
-0.0942477796076937,0.05714564004427754
-0.09599310885968804,0.057793553641733046
-0.0942477796076937,0.057860584788971874
-0.09773843811168237,0.07013634671848708
-0.08726646259971638,0.06049638537438439
-0.0942477796076937,0.058452498039678495
-0.0942477796076937,0.059335034353134045
-0.09599310885968804,0.05882121609175449
-0.0994837673636767,0.05798341191824504
-0.08726646259971638,0.061881302986234454
-0.09250245035569948,0.06075357998729832
-0.0942477796076937,0.04497041616547708
-0.09250245035569948,0.07391187160794759
-0.09250245035569948,0.06242911839687132
-0.08203047484373338,0.06382499908762083
-0.08901179185171071,0.061758759414472
-0.08552113334772204,0.0624290699572786
-0.08901179185171071,0.05820683658404851
-0.08726646259971638,0.04752833370007691
-0.07504915783575605,0.06326642804211384
-0.08028514559173916,0.0755648623881768
-0.07853981633974472,0.06251845014740987
-0.08203047484373338,0.056039829841004765
-0.06981317007977306,0.06246219429412485
-0.06806784082777873,0.06007224427725091
-0.06806784082777873,0.06121159999999885
-0.06457718232379017,0.061703068727555765
-0.06806784082777873,0.056553679455996
-0.050614548307835405,0.0656116751590105
-0.048869219055841184,0.07921763278126474
-0.03665191429188086,0.08353981259358186
-0.03490658503988642,0.06145733562399237
-0.006981317007977217,0.08609483436893836
-0.006981317007977217,0.06697532000000142
0.003490658503988775,0.07161046854412044
-0.003490658503988664,0.08254586886248116
0.012217304763960324,0.05473249489371094
0.012217304763960324,0.08763963807234182
0.019198621771937652,0.07266057270204308
0.00872664625997166,0.0661148486741313
0.01745329251994343,0.0731967836428082
0.015707963267948988,0.06928745262112251
0.01745329251994343,0.06930976544628038
0.00872664625997166,0.06468524141759922
0.010471975511966103,0.06776837208090461
0.013962634015954767,0.06714281186363066
0.00872664625997166,0.06640554431006966
0.001745329251994443,0.06729911994723135
-0.005235987755982885,0.04976226981835112
-0.01047197551196588,0.08814240813816461
-0.020943951023931873,0.06923135494263918
-0.029670597283903533,0.07033736744666867
-0.041887902047863856,0.06763400068784399
-0.04363323129985808,0.07251560696417718
-0.0558505360638184,0.06878448559485119
-0.06108652381980151,0.06929864925426382
-0.07330382858376172,0.06371325337012809
-0.0767944870877505,0.06834915878517689
-0.08028514559173916,0.06645027355743473
-0.08726646259971638,0.06586928339240201
-0.09599310885968804,0.06311028201850241
-0.10122909661567103,0.06438379099726801
-0.09599310885968804,0.08227801153358502
-0.10122909661567103,0.064115746829441
-0.0994837673636767,0.06456258287861098
-0.0942477796076937,0.062641294380956
-0.07853981633974472,0.06688525477112758
-0.07853981633974472,0.04893576582624509
-0.06981317007977306,0.06855009893514084
-0.06806784082777873,0.08183138683253753
-0.05410520681182407,0.05387248813807258
-0.03839724354387519,0.069800510521119
-0.033161255787892197,0.07044911753389288
-0.024434609527920537,0.07047127043461716
-0.01919862177193754,0.06951083732795686
0.001745329251994443,0.07196687919961157
0.001745329251994443,0.07000237670898457
0.012217304763960324,0.07186747059365688
0.00872664625997166,0.0681369308838203
0.02792526803190931,0.07262604320979064
0.024434609527920648,0.06996881300207716
0.029670597283903755,0.072269799873907
0.020943951023932095,0.06720965171967597
0.03490658503988664,0.07107404301657136
0.03316125578789242,0.06871780921624436
0.03490658503988664,0.052175065527218345
0.02792526803190931,0.06612627022082396
0.024434609527920648,0.06856137088598438
0.02792526803190931,0.06981237308405666
0.019198621771937652,0.06741071735916469
0.00872664625997166,0.06762287546676245
0.0,0.0853496210735777
0.0,0.07071723611570657
-0.008726646259971549,0.0516946373620838
-0.015707963267948766,0.08692466257608483
-0.020943951023931873,0.07011403236469835
-0.024434609527920537,0.07285072620281334
-0.033161255787892197,0.0706500040186325
-0.040142572795869524,0.07301817483714618
-0.050614548307835405,0.07044888989985654
-0.050614548307835405,0.07460442289819454
-0.06108652381980151,0.07188980283175742
-0.06632251157578439,0.0734315068988827
-0.07853981633974472,0.0682259150823002
-0.07853981633974472,0.07193478631739296
-0.08726646259971638,0.0700915043769847
-0.08726646259971638,0.0702927967275354
-0.0942477796076937,0.0661374360215817
-0.09075712110370504,0.07228105613039916
-0.0942477796076937,0.07061670615166389
-0.0942477796076937,0.07230337540009409
-0.0994837673636767,0.06819273888781449
-0.0942477796076937,0.07572130935497631
-0.09599310885968804,0.07348739726830107
-0.0942477796076937,0.0753974365737799
-0.10122909661567103,0.07096287154658866
-0.09599310885968804,0.07572135252066664
-0.09250245035569948,0.09211878456789294
-0.09075712110370504,0.0740458968254739
-0.09599310885968804,0.06987942187161897
-0.08552113334772204,0.07651407166591108
-0.0942477796076937,0.07262715518812059
-0.08377580409572771,0.07555336397949061
-0.08901179185171071,0.07057195065700751
-0.07853981633974472,0.07595566673777222
-0.07853981633974472,0.07365488910905914
-0.06632251157578439,0.07467086075374883
-0.06806784082777873,0.07176721898470087
-0.04537856055185252,0.07798683066891966
-0.041887902047863856,0.0744033349094524
-0.033161255787892197,0.07747480626459985
-0.03839724354387519,0.0767824166625089
-0.013962634015954545,0.08074535193112195
-0.015707963267948766,0.07904993379474178
-0.012217304763960213,0.07732986351754796
-0.003490658503988664,0.0799546413433435
0.012217304763960324,0.0781779594018457
0.01745329251994343,0.0763914492787556
0.019198621771937652,0.0708177950872629
0.03316125578789242,0.073632071874377
0.040142572795869635,0.07114161245969193
0.048869219055841295,0.07052703784622497
0.04537856055185274,0.06608165025133109
0.05410520681182429,0.07038195003529238
0.05934119456780729,0.06977885056833659
0.05410520681182429,0.12314916405438892
0.04537856055185274,0.0681702756179785
0.05235987755982996,0.07278351962678388
0.04537856055185274,0.06989049077629061
0.04537856055185274,0.07108584616862389
0.04188790204786408,0.06715397621925596
0.04537856055185274,0.08930406127993228
0.040142572795869635,0.0677123940197261
0.040142572795869635,0.06918695367226574
0.03490658503988664,0.06594757544645398
0.038397243543875303,0.07059433283764831
0.03316125578789242,0.06809222476925063
0.03490658503988664,0.05233143671321453
0.029670597283903755,0.06758952330671972
0.02617993877991509,0.070538510081626
0.02617993877991509,0.07120873637975739
0.024434609527920648,0.06951087880717774
0.01745329251994343,0.0692203548446287
0.012217304763960324,0.07054966165733983
0.013962634015954767,0.07307413471238174
0.010471975511966103,0.06970066084111166
0.003490658503988775,0.07148777840650179
-0.003490658503988664,0.07087355605330262
0.0,0.07318580547236234
-0.008726646259971549,0.07062766309905694
-0.012217304763960213,0.07213581985102561
-0.01919862177193754,0.06939911970226838
-0.015707963267948766,0.07311877842145866
-0.020943951023931873,0.07110812074100233
-0.024434609527920537,0.10710893234035694
-0.0279252680319092,0.07498416786934027
-0.0279252680319092,0.07517407137583129
-0.0279252680319092,0.07448152446563455
-0.03665191429188086,0.07315207265130896
-0.03490658503988642,0.07684957966345338
-0.03665191429188086,0.07701711563201956
-0.03839724354387519,0.07615705470034254
-0.04712388980384674,0.07310738784038319
-0.04363323129985808,0.07777666562674856
-0.04537856055185252,0.0757995863757113
-0.04712388980384674,0.0747384647626917
-0.05235987755982985,0.06958900164887166
-0.040142572795869524,0.0742241230895468
-0.03665191429188086,0.07135388432494043
-0.0279252680319092,0.0723924355786628
-0.031415926535897754,0.06713162968829518
-0.015707963267948766,0.07308462317953951
-0.01047197551196588,0.07226982516823269
-0.003490658503988664,0.07334201073419278
-0.005235987755982885,0.06812581226438216
0.003490658503988775,0.07436955642172938
0.012217304763960324,0.07406803756462396
0.01745329251994343,0.07481651063892626
0.013962634015954767,0.07090711916064922
0.02617993877991509,0.0963517641275501
0.02792526803190931,0.0749171701918008
0.03490658503988664,0.0762351077685094
0.031415926535897976,0.07254911499633342
0.0436332312998583,0.07830106915441051
0.04537856055185274,0.07461559462007397
0.04712388980384696,0.07509587578426999
0.04188790204786408,0.07347615753307742
0.05235987755982996,0.0775304244013569
0.048869219055841295,0.07310757993935542
0.04712388980384696,0.07374430756551012
0.0436332312998583,0.07261612887546584
0.048869219055841295,0.07592238383871541
0.048869219055841295,0.09001898375329151
0.0436332312998583,0.0713426776909383
0.0436332312998583,0.07282838630615461
0.04537856055185274,0.07441450594541166
0.0436332312998583,0.0723480848716088
0.040142572795869635,0.07115282678229619
0.038397243543875303,0.07312998490388434
0.04188790204786408,0.07403472484130395
0.040142572795869635,0.07229218031670032
0.03490658503988664,0.07135384729596583
0.03316125578789242,0.07298476105783176
0.03665191429188097,0.07458204724063372
0.03665191429188097,0.07209115255604034
0.029670597283903755,0.08798582984094075
0.03316125578789242,0.07396769749578688
0.03316125578789242,0.07387837296730124
0.03490658503988664,0.07285072075169614
0.02617993877991509,0.07004688911371326
0.02792526803190931,0.112001541474316
0.024434609527920648,0.07324162003056968
0.02617993877991509,0.07487247582145577
0.019198621771937652,0.07323031353096031
0.024434609527920648,0.07804468054377729
0.022689280275926427,0.07425811227193106
0.020943951023932095,0.07552035068199743
0.015707963267948988,0.07473836556066919
0.019198621771937652,0.09802783883375744
0.020943951023932095,0.07679374433447902
0.012217304763960324,0.07479412543359241
0.00872664625997166,0.059055770198482294
0.00872664625997166,0.07994368239020028
0.006981317007977439,0.07766500451569368
-0.001745329251994221,0.07432482996178964
-0.003490658503988664,0.07852507986933048
-0.006981317007977217,0.07709531834046655
-0.01047197551196588,0.09496731733498581
-0.01919862177193754,0.07425790027452907
-0.015707963267948766,0.0780000731608742
-0.022689280275926205,0.056084442310676504
-0.0279252680319092,0.09509012702232768
-0.033161255787892197,0.05549249972832738
-0.029670597283903533,0.07815644526603445
-0.03490658503988642,0.07544207325165235
-0.03665191429188086,0.07587779050761966
-0.041887902047863856,0.07435858605860242
-0.040142572795869524,0.07854738953062372
-0.041887902047863856,0.0748724478650413
-0.04712388980384674,0.07613460261069915
-0.05410520681182407,0.07548671189077676
-0.048869219055841184,0.07861433476222926
-0.050614548307835405,0.07629108023184729
-0.057595865315812844,0.09326919128071731
-0.050614548307835405,0.05883228524740749
-0.04363323129985808,0.09631865224713512
-0.03665191429188086,0.05794986652930206
-0.04363323129985808,0.09206287416551827
-0.0279252680319092,0.07873648542440692
-0.022689280275926205,0.09603962468253831
-0.01919862177193754,0.05808396552996055
-0.024434609527920537,0.07554253596675924
-0.005235987755982885,0.0804114016307185
-0.003490658503988664,0.07864794927064986
0.001745329251994443,0.09557021687158579
0.012217304763960324,0.0811161637320257
0.022689280275926427,0.060597050254194776
0.029670597283903755,0.09998238884098272
0.02792526803190931,0.05563775576400075
0.03665191429188097,0.08148457202903146
0.048869219055841295,0.08053517361201709
0.05235987755982996,0.0983964465717625
0.04712388980384696,0.05828500069139346
0.05585053606381862,0.10153484530697268
0.05235987755982996,0.07984311428754481
0.0436332312998583,0.07651421561051479
0.03490658503988664,0.07947440742452497
0.03490658503988664,0.07897189248254761
0.031415926535897976,0.07671552342668421
0.020943951023932095,0.07268278565185123
0.022689280275926427,0.07486133468626875
0.020943951023932095,0.07268318481027101
0.022689280275926427,0.07353206299488527
0.012217304763960324,0.06812544327184875
0.013962634015954767,0.07294008085669129
0.010471975511966103,0.07108581945580687
0.013962634015954767,0.07272777256305075
0.003490658503988775,0.06795789729450893
0.003490658503988775,0.09091261062167301
0.0,0.0724485443716102
0.001745329251994443,0.07375546274806903
-0.006981317007977217,0.070650003427434
-0.003490658503988664,0.07722933597926174
-0.006981317007977217,0.07453736748914029
-0.001745329251994221,0.07643620434530293
-0.006981317007977217,0.0731299163332957
0.0,0.07815634132147199
-0.001745329251994221,0.07485012206210119
-0.001745329251994221,0.07533046551354428
-0.006981317007977217,0.07276126636015359
0.0,0.07693874811400127
-0.003490658503988664,0.07469371859922938
-0.001745329251994221,0.07485013567745509
-0.005235987755982885,0.07474957790427557
0.0,0.07766490069819412
-0.001745329251994221,0.07504002611814611
-0.005235987755982885,0.07467138797397178
-0.006981317007977217,0.07605652475580389
-0.003490658503988664,0.07804470822567074
-0.006981317007977217,0.07617932697988726
-0.008726646259971549,0.07409056263845072
-0.006981317007977217,0.07745277440598933
-0.003490658503988664,0.07682719372089802
-0.003490658503988664,0.07562088545307756
-0.008726646259971549,0.07372183833378215
-0.005235987755982885,0.07848037546898717
-0.006981317007977217,0.07690542980437613
-0.005235987755982885,0.07804474013182464
-0.01047197551196588,0.07444794423375972
-0.005235987755982885,0.10065257378771056
-0.006981317007977217,0.07794420967168457
-0.008726646259971549,0.05939087501428125
-0.01047197551196588,0.07645863059483221
-0.003490658503988664,0.07898285146328095
-0.006981317007977217,0.0759112473049744
-0.01047197551196588,0.0747942997982726
-0.006981317007977217,0.07507352671126569
-0.003490658503988664,0.0744703116017752
-0.003490658503988664,0.07224753249438266
-0.006981317007977217,0.07130924058911063
-0.006981317007977217,0.07333104302003755
-0.001745329251994221,0.07566545902114637
-0.001745329251994221,0.07519643284353773
-0.003490658503988664,0.07310761835860129
-0.006981317007977217,0.07658145636023567
0.0,0.07756423592337482
0.0,0.07552036281122827
-0.001745329251994221,0.07306292294926152
-0.003490658503988664,0.05771538520792746
0.005235987755983107,0.09660898120656458
0.006981317007977439,0.07632454592211563
-0.001745329251994221,0.09190647121758362
0.012217304763960324,0.07827863133876409
0.012217304763960324,0.07471611584142714
0.01745329251994343,0.07514052789570455
0.013962634015954767,0.07187891581561086
0.02792526803190931,0.07557552139480303
0.02792526803190931,0.07326402302592495
0.03316125578789242,0.07306290980836469
0.02617993877991509,0.07212455336395146
0.040142572795869635,0.07740738297249988
0.04537856055185274,0.09244283431792498
0.04712388980384696,0.05598402074274152
0.0436332312998583,0.07342028615081318
0.05934119456780729,0.07742947654194035
0.05934119456780729,0.0750512158040919
0.06108652381980162,0.07450388037748366
0.05585053606381862,0.07527451352240783
0.06806784082777895,0.07796608865343972
0.06806784082777895,0.0752522828371386
0.06457718232379028,0.07307409910973865
0.06108652381980162,0.07486129791712696
0.06981317007977328,0.07404565460098585
0.06806784082777895,0.07134277136064876
0.06632251157578462,0.07086246190352075
0.06806784082777895,0.08972859056022078
0.06981317007977328,0.07263847678536446
0.06806784082777895,0.07277253107226593
0.06457718232379028,0.07052730560660374
0.06457718232379028,0.07476079567186827
0.06806784082777895,0.0550010472268627
0.06457718232379028,0.0892370758525161
0.05934119456780729,0.06871772936169264
0.057595865315813066,0.07030396169042132
0.06283185307179595,0.07010282142435058
0.06108652381980162,0.06849442210810586
0.057595865315813066,0.06718753157187889
0.05410520681182429,0.08493662163127007
0.05585053606381862,0.06851674872978568
0.05235987755982996,0.06935449031331091
0.04188790204786408,0.06774575866748234
0.02792526803190931,0.06913061130614494
0.022689280275926427,0.08941579024429924
0.015707963267948988,0.0525100502280598
0.0,0.06970019809086722
-0.024434609527920537,0.06822478192478494
-0.03490658503988642,0.07168875254052952
-0.05235987755982985,0.07114089061659257
-0.10297442586766536,0.11703753928968737
-0.12217304763960302,0.05188400479782229
-0.1431169986635349,0.06814699387920428
-0.16406094968746687,0.0677113745740538
-0.1937315469713704,0.06544267453982798
-0.2321287905152457,0.06463710148450746
-0.25656340004316636,0.06597965485065188
-0.2827433388230812,0.06593485582404941
-0.30717794835100193,0.06632590599721233
-0.34208453339088846,0.06216943226233857
-0.37000980142279777,0.06721899008366149
-0.3961897402027127,0.06649312962674961
-0.42062434973063334,0.06634824337462729
-0.45029494701453693,0.06547617329791872
-0.4852015320544235,0.0654528423448784
-0.5078908123303498,0.06734266413650238
-0.5340707511102647,0.06654920038917639
-0.561996019142174,0.06616908191138567
-0.5969026041820606,0.0638222925417256
-0.6283185307179585,0.06714048424409103
-0.6649704450098395,0.08237423604427051
-0.694641042293743,0.06640345383160826
-0.7330382858376183,0.061889573965890475
-0.7661995416255105,0.06796664051972405
-0.7993607974134028,0.06773157331484445
5.45415391248228,0.06911770135261407
5.420992656694388,0.051837924937220864
5.3756140961425345,0.06657899309435607
5.344198169606638,0.07068103337498298
5.311036913818745,0.0693402944888065
5.276130328778859,0.06939620326325606
5.234242426730994,0.06769661048564068
5.195845183187119,0.07124928958207692
5.153957281139254,0.0870977356437919
5.119050696099368,0.07108275722245667
5.0893800988154645,0.04986117688828246
5.040510879759624,0.0894071774411458
4.99862297771176,0.08997937333776206
4.97069770967985,0.05550218174677215
4.911356515112043,0.08944755498517813
4.864232625308197,0.07547976791770927
4.82932604026831,0.07289198212989279
4.790928796724434,0.07102595959897376
4.749040894676571,0.08169193914961784
4.72460628514865,0.06490735439049773
4.707152992628707,0.0779433158745104
4.694935687864747,0.058552758557843254
4.682718383100785,0.05523528412084218
4.687954370856769,0.0707395089583352
4.696681017116741,0.05577166917516729
4.70017167562073,0.05630793742610672
4.707152992628707,0.070002225790912
4.707152992628707,0.055593084708833174
4.7193702973926674,0.04398718164831375
4.729842272904634,0.05768168671322765
4.742059577668593,0.07230299559021974
4.749040894676571,0.05944662090831854
4.749040894676571,0.05796113000000017
4.76474885794452,0.06156838982266459
4.771730174952497,0.04454588801804877
4.77696616270848,0.060373764694118606
4.785692808968451,0.06124488387150394
4.785692808968451,0.059268019999999776
4.78918346747244,0.06446203291579414
4.785692808968451,0.07939623399366257
4.78918346747244,0.04798629126158851
4.785692808968451,0.06270831502784704
4.775220833456486,0.06436126102314234
4.778711491960474,0.06605934864397449
4.773475504204491,0.0628423318761108
4.778711491960474,0.06305451465218306
4.768239516448508,0.05917839648387614
4.76474885794452,0.06245141666574734
4.763003528692525,0.061256263974898244
4.759512870188536,0.04579697283161743
4.763003528692525,0.061222706299624875
4.754276882432554,0.07220262493410722
4.752531553180559,0.045986886119228625
4.750786223928564,0.07500654547647978
4.754276882432554,0.05991584611593051
4.752531553180559,0.059256824068156876
4.745550236172582,0.057313161009427925
4.749040894676571,0.06209400050352888
4.747295565424577,0.06077595408062149
4.749040894676571,0.06055255420302615
4.749040894676571,0.06004990874806694
4.743804906920587,0.04336189598274467
4.747295565424577,0.07829047027220973
4.742059577668593,0.060228589799449915
4.749040894676571,0.06011680245165811
4.747295565424577,0.05875418446987576
4.742059577668593,0.0599939875074549
4.742059577668593,0.062071684091254936
4.738568919164605,0.061703050563686156
4.742059577668593,0.06184822431696162
4.7368235899126105,0.059189779212006376
4.731587602156627,0.06273066841941195
4.731587602156627,0.06351261395417257
4.7280969436526386,0.06317748393389784
4.731587602156627,0.07880426590113446
4.72460628514865,0.060518945415837765
4.722860955896655,0.06309932550622772
4.717624968140673,0.06210514828821979
4.72460628514865,0.06305450534281837
4.721115626644661,0.05927916203703501
4.717624968140673,0.06274185509996799
4.717624968140673,0.06414929780859502
4.714134309636684,0.06314394965532993
4.7193702973926674,0.06411566078243813
4.714134309636684,0.06070889851493361
4.714134309636684,0.06669606365235255
4.7106436511326955,0.08214407959145073
4.714134309636684,0.0658694327640418
4.71238898038469,0.0787261408006787
4.708898321880701,0.06746676185704527
4.708898321880701,0.06670723365014733
4.708898321880701,0.0660258385697878
4.7106436511326955,0.06417164526365686
4.707152992628707,0.11572106971069046
4.703662334124718,0.0661598722484227
4.708898321880701,0.06572414812074165
4.705407663376712,0.06276419419508694
4.7019170048727235,0.06675188256743145
4.703662334124718,0.06733275519067158
4.70017167562073,0.06676305140106766
4.707152992628707,0.06664011176035436
4.70017167562073,0.06422737861311283
4.703662334124718,0.06736620618674644
4.698426346368735,0.06618215738292248
4.705407663376712,0.06608146642334181
4.7019170048727235,0.06159134376442429
4.7019170048727235,0.06773485420849722
4.70017167562073,0.06689710012264163
4.70017167562073,0.06508755898330146
4.7019170048727235,0.0663609522718383
4.696681017116741,0.06580241633119085
4.70017167562073,0.06881829792419777
4.694935687864747,0.0677459036302685
4.703662334124718,0.0684606799896493
4.696681017116741,0.06424965839206112
4.698426346368735,0.06904173884402738
4.6931903586127515,0.0679581846864928
4.7019170048727235,0.0656123378195253
4.696681017116741,0.061535443763144994
4.696681017116741,0.0630323040001858
4.696681017116741,0.06279772802317726
4.703662334124718,0.0766372253099624
4.708898321880701,0.0611445172741513
4.707152992628707,0.05803928309464631
4.714134309636684,0.07788814056161013
4.708898321880701,0.061591328467467614
4.722860955896655,0.06288658772848929
4.722860955896655,0.060418529999999485
4.722860955896655,0.0649758838162675
4.7280969436526386,0.06588059199504577
4.726351614400644,0.06489765831813517
4.738568919164605,0.06574624552042407
4.735078260660616,0.06206049039337766
4.743804906920587,0.06716504085184448
4.7368235899126105,0.06443960052324575
4.750786223928564,0.06508706071931548
4.750786223928564,0.06279772826757223
4.752531553180559,0.06508756002270684
4.757767540936543,0.06545613281672155
4.754276882432554,0.06369128586566224
4.766494187196514,0.06566796952231332
4.763003528692525,0.061066360567303156
4.7699848457005025,0.0670644886776358
4.76474885794452,0.06525507321976953
4.775220833456486,0.06498677350317672
4.773475504204491,0.06287592573861739
4.773475504204491,0.06470780384064602
4.7699848457005025,0.08141806363995384
4.780456821212468,0.07999913774516161
4.780456821212468,0.04800866000000012
4.77696616270848,0.0786143657483664
4.778711491960474,0.06457375314772866
4.778711491960474,0.07874842308724608
4.785692808968451,0.06410448471013645
4.778711491960474,0.05974821481364598
4.783947479716457,0.06427208951631726
4.77696616270848,0.06283107614552627
4.783947479716457,0.07870354640909423
4.778711491960474,0.05903336577357324
4.77696616270848,0.06395937914883848
4.775220833456486,0.0655008629964152
4.775220833456486,0.06319984802293277
4.77696616270848,0.06507637849787672
4.768239516448508,0.06189275037946633
4.7699848457005025,0.06810347210434636
4.763003528692525,0.06609269964942453
4.768239516448508,0.06649490190140075
4.7612581994405305,0.06475236195921331
4.757767540936543,0.06838266966532588
4.754276882432554,0.06822632753017543
4.757767540936543,0.08297070202494264
4.752531553180559,0.06416039156832622
4.745550236172582,0.06630498966538036
4.742059577668593,0.06713166196266837
4.742059577668593,0.06601468743173815
4.742059577668593,0.06595881873015431
4.7368235899126105,0.06242904137300676
4.731587602156627,0.10035122011921614
4.7280969436526386,0.06576884084226071
4.729842272904634,0.06655083003094162
4.722860955896655,0.061434880939418755
4.722860955896655,0.06743328999999905
4.714134309636684,0.06565714350270026
4.7193702973926674,0.08216641165684185
4.7106436511326955,0.06142366762529546
4.7106436511326955,0.06688595999999944
4.705407663376712,0.06540029576695659
4.7106436511326955,0.06403755740020423
4.708898321880701,0.06447318736994374
4.7019170048727235,0.06303218599543792
4.70017167562073,0.04910331582727461
4.70017167562073,0.08035695548447792
4.707152992628707,0.06447311194795978
4.7019170048727235,0.05943548568937228
4.70017167562073,0.06441738546268926
4.698426346368735,0.06336739341255057
4.70017167562073,0.06259663972321562
4.705407663376712,0.06345664449327143
4.7019170048727235,0.05937966362642003
4.707152992628707,0.0643725714967317
4.705407663376712,0.06244028368406357
4.7193702973926674,0.07872538881877073
4.715879638888678,0.09229762957526821
4.721115626644661,0.06584705733256042
4.7193702973926674,0.08039045803484396
4.733332931408621,0.06565653522234956
4.7280969436526386,0.061535441111905446
4.731587602156627,0.08423288514009027
4.729842272904634,0.0658694727211724
4.743804906920587,0.06623756596465821
4.743804906920587,0.06307698399818303
4.745550236172582,0.06709817226439344
4.747295565424577,0.06683009270120406
4.750786223928564,0.06488646224727365
4.7612581994405305,0.06656169115501753
4.759512870188536,0.06258549378154396
4.763003528692525,0.0675896313384589
4.7612581994405305,0.06598118528026858
4.775220833456486,0.06644970532068677
4.773475504204491,0.06273070362915502
4.773475504204491,0.06718754360460905
4.775220833456486,0.08284785165995083
4.780456821212468,0.04882404112836477
4.790928796724434,0.07970884161391001
4.7874381382204465,0.06626040317776977
4.7874381382204465,0.06748913357552913
4.785692808968451,0.048913413494011966
4.7874381382204465,0.06565721748028075
4.773475504204491,0.07877004452861888
4.766494187196514,0.06687466260097964
4.76474885794452,0.06583597528163355
4.76474885794452,0.06536682767419491
4.754276882432554,0.06280863899876787
4.742059577668593,0.06533290916103429
4.740314248416598,0.06707583247475593
4.735078260660616,0.06553433490102796
4.733332931408621,0.06604819260123185
4.722860955896655,0.06256282368129551
4.717624968140673,0.06685235659266246
4.717624968140673,0.11544192653676756
4.714134309636684,0.06578004496881135
4.707152992628707,0.06543373187220376
4.705407663376712,0.06804763511845473
4.70017167562073,0.08299298192503998
4.70017167562073,0.06668486842959935
4.691445029360758,0.06426084743964453
4.6931903586127515,0.0683268722361944
4.687954370856769,0.0665618862351366
4.6931903586127515,0.06827082634497203
4.686209041604775,0.062440176154797314
4.682718383100785,0.06763428576641037
4.68446371235278,0.05001924300092764
4.682718383100785,0.06698645951806305
4.68446371235278,0.0677906863736502
4.6774823953448035,0.06360185849948091
4.679227724596798,0.06776837229131251
4.673991736840814,0.06632736667959797
4.679227724596798,0.06733261369192653
4.675737066092808,0.06254076971252212
4.6687557490848315,0.06687465734298309
4.670501078336826,0.06687474698139838
4.673991736840814,0.06690824244062457
4.6774823953448035,0.06651731097246594
4.670501078336826,0.06653950865803664
4.6774823953448035,0.06975645022388802
4.6774823953448035,0.06855029000000093
4.691445029360758,0.07002406687834101
4.687954370856769,0.06659547570399314
4.696681017116741,0.07133139937290812
4.696681017116741,0.06865080695537511
4.715879638888678,0.08684488434516649
4.71238898038469,0.06571307143143354
4.717624968140673,0.052632982413506786
4.72460628514865,0.08463491475262831
4.742059577668593,0.06909631572739648
4.740314248416598,0.06496470308475417
4.745550236172582,0.06934328932001209
4.752531553180559,0.06724324612167151
4.76474885794452,0.06723187773894197
4.771730174952497,0.08298167183074258
4.775220833456486,0.06840500875438826
4.783947479716457,0.067377191185542
4.792674125976429,0.0670756397303015
4.8031461014883945,0.06707550199480683
4.796164784480418,0.0670756617574079
4.799655442984406,0.06734385997450992
4.797910113732411,0.06598117267096233
4.8031461014883945,0.06770126262680394
4.78918346747244,0.06342275958830793
4.782202150464463,0.06594757271053456
4.778711491960474,0.0799659490746853
4.780456821212468,0.06516573787753037
4.7699848457005025,0.061289582987172984
4.759512870188536,0.06388087473122259
4.756022211684548,0.06299876424038599
4.752531553180559,0.06305461386637985
4.752531553180559,0.06433917551006368
4.7368235899126105,0.06058541912777264
4.735078260660616,0.0634120734328759
4.7280969436526386,0.06230608740363882
4.729842272904634,0.06270836351175021
4.726351614400644,0.0611445182184991
4.714134309636684,0.07708355402673692
4.7106436511326955,0.06245145221419467
4.708898321880701,0.04650070607622749
4.714134309636684,0.0632108918891617
4.707152992628707,0.05935730044292613
4.7019170048727235,0.06270831657689739
4.7019170048727235,0.06208285409015596
4.698426346368735,0.06228388455465643
4.703662334124718,0.06527737711601359
4.6931903586127515,0.06033999445907958
4.694935687864747,0.06537798049483791
4.691445029360758,0.08098243065303054
4.703662334124718,0.06690774673506647
4.7019170048727235,0.06227274559419901
4.698426346368735,0.06564605256829878
4.7019170048727235,0.0647747622304389
4.705407663376712,0.06513223267815837
4.715879638888678,0.06558997130849192
4.708898321880701,0.06225028684013066
4.717624968140673,0.06591392708585625
4.714134309636684,0.0652886126398235
4.729842272904634,0.06651647732591458
4.72460628514865,0.06330026646685975
4.726351614400644,0.06745558641337991
4.7280969436526386,0.08228935191154244
4.740314248416598,0.06668447319149759
4.740314248416598,0.07972019736536078
4.738568919164605,0.049583625811068545
4.743804906920587,0.06607044417521743
4.752531553180559,0.08224453798449186
4.7612581994405305,0.12957126451524306
4.766494187196514,0.06626034642595396
4.775220833456486,0.09819522069376517
4.785692808968451,0.0663941000355518
4.773475504204491,0.08261295500888363
4.77696616270848,0.0669529416037009
4.782202150464463,0.08522695050077528
4.782202150464463,0.06617104902515625
4.775220833456486,0.08456784892488466
4.775220833456486,0.06867314688757363
4.775220833456486,0.05128146564995614
4.77696616270848,0.0846014182286316
4.7699848457005025,0.06660657891277362
4.7699848457005025,0.06856144689584731
4.7612581994405305,0.06780171483924023
4.778711491960474,0.0692081153241979
4.768239516448508,0.0656568928908641
4.7699848457005025,0.08759506809051877
4.766494187196514,0.07243741563852456
4.778711491960474,0.07353150934112837
4.773475504204491,0.07051611112020939
4.7699848457005025,0.05654250660265031
4.773475504204491,0.07514054692348089
4.783947479716457,0.07593312342037178
4.77696616270848,0.09009687080993954
4.77696616270848,0.07526344576872625
4.77696616270848,0.055470215319641435
4.78918346747244,0.0747712518518959
4.780456821212468,0.07032606718984886
4.778711491960474,0.07500651631801165
4.77696616270848,0.07468261469473875
4.783947479716457,0.07442542622136936
4.773475504204491,0.07048229716842934
4.766494187196514,0.07473832129596819
4.76474885794452,0.07280604091422516
4.771730174952497,0.07158825079365422
4.759512870188536,0.06659509885026173
4.754276882432554,0.06799169469987754
4.749040894676571,0.06731036379438499
4.7612581994405305,0.06743272975933061
4.750786223928564,0.06428307303509923
4.742059577668593,0.06593628075824631
4.740314248416598,0.06660670523985499
4.740314248416598,0.06666254734264807
4.745550236172582,0.051102659462067865
4.7368235899126105,0.06341186224659913
4.7368235899126105,0.1231156363122944
4.743804906920587,0.08706976976380487
4.738568919164605,0.051582977750945815
4.7368235899126105,0.08890196777710323
4.738568919164605,0.07287306086611298
4.743804906920587,0.07377770146708779
4.743804906920587,0.0706390668474805
4.7368235899126105,0.07562069313182093
4.742059577668593,0.07633561403037273
4.747295565424577,0.07596709141346368
4.742059577668593,0.09019762338300448
4.740314248416598,0.07735221522278579
4.743804906920587,0.07634687003702367
4.752531553180559,0.07621254920441163
4.747295565424577,0.07223632888841758
4.749040894676571,0.07832400479637142
4.750786223928564,0.09370511574275243
4.752531553180559,0.07216932315664461
4.745550236172582,0.05324730439726919
4.750786223928564,0.09150440325584933
4.749040894676571,0.05391757633074688
4.756022211684548,0.07133139737622245
4.750786223928564,0.06605927284596234
4.750786223928564,0.07116404290346062
4.750786223928564,0.06927631362162566
4.7612581994405305,0.07060518115001015
4.754276882432554,0.06360189402830868
4.750786223928564,0.07014754064792969
4.752531553180559,0.07031511811181819
4.759512870188536,0.0699686830100241
4.750786223928564,0.1348208782093651
4.752531553180559,0.0700358949796663
4.759512870188536,0.07116395544358549
4.7612581994405305,0.06701999502348187
4.750786223928564,0.06963347564742714
4.754276882432554,0.07207994136595279
4.754276882432554,0.0703486533034362
4.7612581994405305,0.08751682220751766
4.750786223928564,0.07109666205300197
4.752531553180559,0.07311880083694249
4.756022211684548,0.07201296937308432
4.7612581994405305,0.0710522953417497
4.752531553180559,0.0707505347596731
4.756022211684548,0.07488363701830016
4.756022211684548,0.07266084308335792
4.7612581994405305,0.07181185516641653
4.752531553180559,0.07186753186678968
4.754276882432554,0.07436984053708728
4.757767540936543,0.07295125619449587
4.763003528692525,0.07258258476227501
4.756022211684548,0.08918111042230872
4.757767540936543,0.0551462760206045
4.7612581994405305,0.09119183784899186
4.763003528692525,0.06984596366850855
4.756022211684548,0.07373302657074478
4.759512870188536,0.07478310692668395
4.7612581994405305,0.07374429215981364
4.76474885794452,0.0547776369385822
4.757767540936543,0.09159367485957705
4.7612581994405305,0.13014161563433865
4.766494187196514,0.07330859276681116
4.759512870188536,0.07277232808015646
4.76474885794452,0.0757213237985654
4.76474885794452,0.07502887574001721
4.7699848457005025,0.07440324969842507
4.763003528692525,0.07489462248909266
4.768239516448508,0.07736331104956709
4.771730174952497,0.09625176213774381
4.768239516448508,0.07279482721178665
4.768239516448508,0.07769850513074722
4.7699848457005025,0.07676021982959075
4.77696616270848,0.0750063425324976
4.768239516448508,0.0708733146026201
4.768239516448508,0.07453739579039038
4.7699848457005025,0.07416879469836943
4.775220833456486,0.07440320998245496
4.763003528692525,0.06895194627419642
4.763003528692525,0.0735320961064096
4.7612581994405305,0.07197946127485268
4.76474885794452,0.08978427675127862
4.752531553180559,0.06789082119602478
4.756022211684548,0.07298474539795023
4.754276882432554,0.07247094104561953
4.763003528692525,0.07224721599156401
4.750786223928564,0.0692312040496425
4.754276882432554,0.07410170280517603
4.754276882432554,0.05396226544009096
4.7612581994405305,0.07216914162470978
4.752531553180559,0.06767870129004938
4.752531553180559,0.14609222465856794
4.759512870188536,0.0735319540183521
4.754276882432554,0.07018094377409188
4.749040894676571,0.0759000737487146
4.752531553180559,0.07600057824391711
4.757767540936543,0.07506229300124188
4.750786223928564,0.07271641464092138
4.749040894676571,0.07686073578455481
4.752531553180559,0.07701704708125423
4.757767540936543,0.07459311201306854
4.747295565424577,0.07020314208001811
4.747295565424577,0.07417996293859387
4.749040894676571,0.07331984706661082
4.757767540936543,0.0742689439161649
4.745550236172582,0.06971159377645028
4.747295565424577,0.07557621459470104
4.743804906920587,0.09330289231798032
4.750786223928564,0.05452064040075947
4.733332931408621,0.06943187501260574
4.721115626644661,0.06928714741526726
4.689699700108764,0.11728976815380246
4.661774432076855,0.06394606239703614
4.628613176288962,0.06108624294585467
4.600687908257052,0.060762951192174085
4.574507969477138,0.06096432842764824
4.553564018453206,0.06057398060417425
4.527384079673291,0.057132927715115064
4.497713482389387,0.061477854862513615
4.469788214357478,0.06165630814884921
4.440117617073574,0.06304119429124969
4.417428336797648,0.062506268433839
4.375540434749784,0.059844714075715635
4.347615166717874,0.06373428963457069
4.319689898685965,0.062449582674924994
4.290019301402062,0.06299655386351229
4.2638393626221465,0.06348865262803928
4.223696789826277,0.061296879451397696
4.199262180298357,0.06415896530182737
4.169591583014453,0.06333182313496466
4.146902302738527,0.0626511690682836
4.11199571769864,0.060895480370806464
4.080579791162743,0.06361072986474049
4.050909193878838,0.0642142044654634
4.021238596594935,0.06507405950724354
3.9968039870670147,0.06415928650785768
3.9601520727751343,0.061856066117883315
3.9304814754912307,0.06588970653636878
3.9008108782073263,0.06514109304567978
3.8711402809234228,0.06571071601782338
3.83797902513553,0.06486101441880175
3.8030724400956437,0.06356569109675297
3.7751471720637344,0.06470584912531721
3.7437312455278366,0.06423621238072832
3.72104196525191,0.06334400560622959
3.6843900509600296,0.06021411698216075
3.654719453676126,0.06517459422192423
3.6250488563922225,0.06432569202756941
3.595378259108319,0.06437042572273016
3.5657076618244146,0.06445972875163856
3.5308010767845284,0.06292877360239166
3.4993851502486306,0.06650361158999202
3.469714552964727,0.06530862450927934
3.4470252726888004,0.06583471057787342
3.4051373706409374,0.06403324142522017
3.3719761148530445,0.06730743610953037
3.342305517569141,0.06692842358507937
3.310889591033243,0.06619087041445927
3.2812189937493397,0.06550970655528972
3.2480577379614477,0.06385607913689112
3.216641811425549,0.0661015211312925
3.1852258848896513,0.06524119621759655
3.160791275361731,0.06409225319381884
3.1311206780778273,0.06072906329436681
3.1171580440618727,0.06327766126387317
3.1119220563058896,0.06279768820140853
3.1189033733138665,0.06319973446898319
3.13635666583381,0.06471812049916323
3.139847324337799,0.061300930096908644
3.157300616857742,0.0681137063828443
3.178244567881674,0.10107581600016247
3.2026791774095944,0.0833036366398674
3.206169835913583,0.05028732728655208
3.2288591161895095,0.07062640366022359
3.2393310917014757,0.06822605860005836
3.2637657012293957,0.06853732486342608
3.2690016889853792,0.08156329719606771
3.2777283352453503,0.05070051068852562
3.2864549815053223,0.06651710574165313
3.2969269570172886,0.06541123185065068
3.2951816277652943,0.0792064348759175
3.2864549815053223,0.06590277100616378
3.2882003107573166,0.06634978258202455
3.2951816277652943,0.06619328799133684
3.291690969261305,0.06620453476328084
3.2794736644973455,0.06398125230334474
3.274237676741362,0.08548394494596777
3.2777283352453503,0.08300425012414846
3.267256359733385,0.08171936410223513
3.2532937257174304,0.13460878573501822
3.2550390549694246,0.06540033290721266
3.2445670794574584,0.0973907112285292
3.234095103945492,0.10140073654552251
3.2288591161895095,0.08587478390133953
3.2218777991815326,0.086310320529289
3.2026791774095944,0.06947633208808558
3.195697860401617,0.08967262297929683
3.1922072018976286,0.08746106027942532
3.1799898971336686,0.06720944925640968
3.1677725923697078,0.10213798686029978
3.1625366046137247,0.0820658717632185
3.159045946109736,0.07917289743368744
3.1485739705977704,0.09209611672562504
3.1485739705977704,0.0622839200000017
3.159045946109736,0.0925651311173277
3.159045946109736,0.07325285332409315
3.160791275361731,0.0625519476100567
3.178244567881674,0.12466700678023032
3.1922072018976286,0.10811317303805949
3.2026791774095944,0.09801621153073586
3.2114058236695664,0.09653088889953162
3.2201324699295375,0.09553662972621035
3.232349774693498,0.1161224643896713
3.2375857624494815,0.08079254780830301
3.249803067213441,0.0800101622343495
3.2480577379614477,0.0816749742518152
3.258529713473413,0.06780152629829823
3.2637657012293957,0.08313825013838531
3.2707470182373735,0.06547838530906012
3.267256359733385,0.10152402196769253
3.274237676741362,0.06863956533369962
3.282964323001334,0.06814791707749693
3.2812189937493397,0.06270832918803385
3.2777283352453503,0.13040956849433682
3.282964323001334,0.06555663734170608
3.2864549815053223,0.06412691355254803
3.275983005993357,0.059546943662471895
3.274237676741362,0.0639370754694489
3.2777283352453503,0.06279772222470285
3.284709652253328,0.10886240128353437
3.2724923474893677,0.059446352003103706
3.274237676741362,0.06413812328798746
3.275983005993357,0.0637695254138867
3.275983005993357,0.06546735761042334
3.265511030481391,0.06236176166215991
3.249803067213441,0.0659916672185616
3.242821750205464,0.06705338194071682
3.2375857624494815,0.06722099025039296
3.232349774693498,0.0686507522201203
3.2114058236695664,0.08254468369422654
3.2026791774095944,0.07105212155025169
3.199188518905606,0.07035980985366219
3.1922072018976286,0.07267185905808057
3.1747539093776855,0.06994570334857692
3.166027263117714,0.07534137148973484
3.160791275361731,0.07310757553063264
3.1555552876057478,0.07543097685014526
3.1381019950858042,0.07143130434849199
3.1293753488258327,0.0757658458372309
3.1241393610698496,0.074057023823854
3.120648702565861,0.07399005995515714
3.1066860685499065,0.07148756204586712
3.104940739297912,0.09435294626682698
3.1014500807939234,0.0733533134104297
3.092723434533952,0.07286158768369275
3.0857421175259745,0.07497289959573218
3.092723434533952,0.07585531914984994
3.0909781052819576,0.055816456758724306
3.0874874467779687,0.09256559439557177
3.0839967882739803,0.07806708644938008
3.092723434533952,0.07753069899770686
3.0962140930379403,0.07702825306179065
3.0909781052819576,0.07308514932360066
3.103195410045918,0.09978111720163421
3.1119220563058896,0.0762239276521749
3.122394031817856,0.09502260063325753
3.1311206780778273,0.09840739376833656
3.1433379828417873,0.07967514668877482
3.159045946109736,0.09835052028263853
3.1625366046137247,0.07786598700370141
3.1747539093776855,0.10202592406494691
3.1939525311496233,0.07914946081681712
3.1904618726456344,0.09656446298078081
3.2044245066615895,0.08226651679335525
3.206169835913583,0.07703946985704746
3.207915165165578,0.09670976516725927
3.206169835913583,0.08012240443863784
3.206169835913583,0.07976493176722152
3.2026791774095944,0.0781228784251704
3.199188518905606,0.07458196727573571
3.1922072018976286,0.08035688121474882
3.199188518905606,0.07735198158552278
3.2044245066615895,0.0788041804804543
3.199188518905606,0.13694398665157423
3.1974431896536117,0.07913938459337173
3.207915165165578,0.08009963560706199
3.2009338481576,0.07730747354348542
3.2026791774095944,0.06209402474302181
3.2026791774095944,0.10136769445995042
3.206169835913583,0.07939625167060695
3.2026791774095944,0.061267413671626934
3.206169835913583,0.10461809238409749
3.209660494417572,0.08222225908162928
3.206169835913583,0.07996595275083872
3.209660494417572,0.08607597122874588
3.207915165165578,0.08370792685268867
3.2114058236695664,0.08196534979883671
3.206169835913583,0.08301537100058227
3.2131511529215606,0.08545014061256924
3.216641811425549,0.08403179876563957
3.2131511529215606,0.07923984227318182
3.214896482173555,0.08517119531594908
3.2131511529215606,0.08379728654497487
3.216641811425549,0.08005528240213622
3.2114058236695664,0.0822669356479083
3.218387140677544,0.08412094895206505
3.2201324699295375,0.08323880230223225
3.216641811425549,0.07910581061196971
3.218387140677544,0.08546163129544204
3.218387140677544,0.08486964386516505
3.2218777991815326,0.08234507411463278
3.2131511529215606,0.08179770194087457
3.214896482173555,0.08502598528140173
3.214896482173555,0.08312712422893366
3.206169835913583,0.0798316909729921
3.2026791774095944,0.08501470195082264
3.1974431896536117,0.0848919301194218
3.1904618726456344,0.10057446467584692
3.1799898971336686,0.08121671989298165
3.178244567881674,0.08269147266240835
3.1799898971336686,0.08123938895724879
3.1642819338657193,0.07598869053393295
3.1625366046137247,0.08193189742854504
3.1555552876057478,0.08117215955673088
3.1555552876057478,0.07905007482547059
3.1468286413457762,0.059044437254529465
3.1450833120937816,0.10507616745092839
3.1450833120937816,0.10407083324912711
3.13635666583381,0.07855823877614537
3.139847324337799,0.08510411669084612
3.1381019950858042,0.08371909628238816
3.13635666583381,0.09960273384974745
3.1328660073298216,0.063076952865283
3.1381019950858042,0.10689662971430268
3.1468286413457762,0.08301515188579175
3.1450833120937816,0.08117238431415284
3.1555552876057478,0.10718663512912317
3.1625366046137247,0.08421036459446757
3.1625366046137247,0.08060270464787435
3.1764992386296793,0.10952076482886601
3.1799898971336686,0.0869472307105397
3.1852258848896513,0.08241217354634149
3.1939525311496233,0.11032559816073578
3.195697860401617,0.08777385385310378
3.2009338481576,0.08359619304171459
3.209660494417572,0.11067195768083515
3.216641811425549,0.11107437135229035
3.218387140677544,0.08424411787033527
3.225368457685521,0.11250392321239568
3.223623128433527,0.06734392431111372
3.223623128433527,0.10776800473586086
3.223623128433527,0.09024241276605445
3.223623128433527,0.11187870981632178
3.218387140677544,0.08389773510619511
3.216641811425549,0.08643343759848747
3.216641811425549,0.10922023671056293
3.214896482173555,0.08352920725936422
3.2131511529215606,0.170465240893705
3.214896482173555,0.10424953753043675
3.207915165165578,0.08140677877873223
3.209660494417572,0.08493667392747349
3.207915165165578,0.08330582229366981
3.2026791774095944,0.10146794516538143
3.206169835913583,0.08711478859171286
3.2044245066615895,0.1077233333988314
3.199188518905606,0.08360726685651472
3.199188518905606,0.08976211145561278
3.199188518905606,0.08969508290635136
3.1974431896536117,0.08502598617883661
3.1922072018976286,0.11029254054230885
3.1922072018976286,0.08968392146272489
3.18871654339364,0.10594731076547934
3.1904618726456344,0.08877913695071347
3.18871654339364,0.08953871357563345
3.1904618726456344,0.08624351462400791
3.1869712141416455,0.08670146743838272
3.1869712141416455,0.1110186062560477
3.1869712141416455,0.10581332846400042
3.1817352263856624,0.10732132153936413
3.1817352263856624,0.08638876361235438
3.183480555637657,0.08349571186175811
3.1799898971336686,0.08309352168625812
3.1799898971336686,0.08591963182115134
3.1817352263856624,0.08465739183267725
3.173008580125691,0.1014453558800414
3.1764992386296793,0.08621004370595782
3.1799898971336686,0.10775693496769648
3.173008580125691,0.08265776026700364
3.1764992386296793,0.1092872566024678
3.178244567881674,0.08618771386157095
3.173008580125691,0.10402591224048648
3.1747539093776855,0.08810895377160935
3.178244567881674,0.08669035365579791
3.1764992386296793,0.0837526383926031
3.178244567881674,0.08747222970984524
3.178244567881674,0.1112978799999986
3.1764992386296793,0.08613184741853656
3.1747539093776855,0.11101862330763565
3.1764992386296793,0.09049931637198891
3.173008580125691,0.10833771433212859
3.1747539093776855,0.09051048650804042
3.1817352263856624,0.09219699448565409
3.1852258848896513,0.08884608714225366
3.18871654339364,0.08918118562208383
3.1974431896536117,0.11529618402755376
3.2026791774095944,0.08827641840448165
3.209660494417572,0.11140928023877904
3.2218777991815326,0.09049884989471062
3.234095103945492,0.08670095522734445
3.2445670794574584,0.08715901660908462
3.267256359733385,0.08901182550075369
3.2794736644973455,0.066081292460627
3.3056536032772605,0.10811179689877702
3.3370695298131583,0.09028330181054496
3.368485456349056,0.08934594589146502
3.392920065876976,0.08643142341033334
3.426081321664869,0.0903615551004114
3.460987906704755,0.0904956853461542
3.4906585039886586,0.08759200453904788
3.511602455012591,0.06584607418175746
3.5499996985564666,0.09222498721186351
3.6058502346202843,0.15513082248627605
3.637266161156183,0.09056285237267414
3.672172746196069,0.0903725084474083
3.703588672731967,0.08812792337139978
3.731513940763876,0.0873581586458211
3.7664205258037633,0.09273974062782933
3.8030724400956437,0.09069543548388945
3.829252378875559,0.08907847600212633
3.8693949516714286,0.09618978304643477
3.9043015367113147,0.09389011609563123
3.9339721339952183,0.09344510932955465
3.9601520727751343,0.07442363122454054
3.991567999311031,0.09911909010207932
4.02298392584693,0.09689600070141396
4.057890510886816,0.10241247562651196
4.071853144902771,0.1028972154885351
4.064871827894794,0.10089840737584159
4.061381169390804,0.10156876180807439
4.047418535374851,0.10005994142782208
4.026474584350918,0.09606056182347557
4.009021291830975,0.0952787378668203
3.9933133285630253,0.09487698233613101
3.9758600360430822,0.09160423734742829
3.9601520727751343,0.06875072364591302
3.9426987802551903,0.0906322647048014
3.9217548292312587,0.10804531428823196
3.9008108782073263,0.08860988374798856
3.8851029149393774,0.08922528917879158
3.874630939427412,0.06435016999355136
3.848451000647496,0.10840196358468539
3.83797902513553,0.06715376160070366
3.822271061867582,0.08909098782050617
3.8013271108436495,0.08595123683928393
3.7786378305677237,0.08923545173859891
3.762929867299774,0.0897165973735018
3.745476574779831,0.08540479784776435
3.7262779530078936,0.08836468147034518
3.7105699897399447,0.09027527930234387
3.6913713679680065,0.0876498178682669
3.663446099936097,0.08935753875765173
3.639011490408177,0.09031850748565864
3.6093408931242736,0.08953577726420855
3.576179637336381,0.0879039535278968
3.543018381548489,0.08935603107827839
3.509857125760597,0.0894453824015134
3.4801865284766933,0.08429695038714385
3.4470252726888004,0.08527941427023121
3.419100004656891,0.08549282291141655
3.385938748868999,0.08392819782925338
3.3615041393410783,0.06266225523955164
3.3283428835531863,0.08615034261933288
3.2951816277652943,0.08636256700243194
3.2620203719774024,0.08376037100245087
3.225368457685521,0.08602701301427891
3.195697860401617,0.08495620546255978
3.1695179216217024,0.0840855984597083
3.1555552876057478,0.103421943304632
3.1625366046137247,0.08679070249822618
3.1695179216217024,0.10573498747222992
3.171263250873697,0.08352925387098255
3.183480555637657,0.08952694786371902
3.1939525311496233,0.08820920555177404
3.206169835913583,0.0850367519426004
3.218387140677544,0.08961642545795168
3.234095103945492,0.09011859065033184
3.2463124087094526,0.08738220732270718
3.2550390549694246,0.0884884288686778
3.2690016889853792,0.06905240867711374
3.2777283352453503,0.09057736730092622
3.282964323001334,0.0889131425256722
3.282964323001334,0.09424128102901444
3.2794736644973455,0.13889877988438376
3.2690016889853792,0.09084521429727528
3.2637657012293957,0.09398430132581653
3.256784384221419,0.09322460561470305
3.242821750205464,0.0907778968290286
3.232349774693498,0.09495575550918876
3.225368457685521,0.07012510030806164
3.2114058236695664,0.11281592940148912
3.2009338481576,0.09285580650664281
3.1922072018976286,0.06885166485473074
3.1869712141416455,0.0892817206345571
3.178244567881674,0.1115432363888562
3.171263250873697,0.08883483222683129
3.171263250873697,0.1054224020412043
3.166027263117714,0.06440618187142151
3.166027263117714,0.08615420179872861
3.1625366046137247,0.08494777690247964
3.1555552876057478,0.08082588639826341
3.153809958353753,0.08689140733805004
3.1503192998497647,0.08513762698636299
3.1503192998497647,0.08293723393135492
3.1433379828417873,0.08414345149563367
3.1468286413457762,0.08589721806605344
3.1503192998497647,0.0842664078313785
3.1450833120937816,0.08184241101198259
3.1503192998497647,0.08779606024134638
3.1520646291017593,0.08467974753139305
3.157300616857742,0.08282541706178455
3.1555552876057478,0.06270837480191255
3.166027263117714,0.08619852088026779
3.1677725923697078,0.08428879799756586
3.1677725923697078,0.08138458100920215
3.173008580125691,0.08738282129590193
3.178244567881674,0.08642220226610536
3.1852258848896513,0.0836742323747645
3.1852258848896513,0.08386435999999999
3.1974431896536117,0.08710295614468479
3.2026791774095944,0.08571841041755174
3.2044245066615895,0.10268580367950324
3.216641811425549,0.08711424518921185
3.223623128433527,0.10592483393493188
3.2218777991815326,0.06025095975097057
3.223623128433527,0.1064723977957112
3.2218777991815326,0.08461267993469436
3.2218777991815326,0.08155213895494182
3.2131511529215606,0.08356247761791138
3.216641811425549,0.06394817966831273
3.214896482173555,0.104338922076187
3.209660494417572,0.07940735597064792
3.207915165165578,0.08416591201532843
3.207915165165578,0.08442285196404577
3.209660494417572,0.08142919986671121
3.207915165165578,0.08298187744546251
3.209660494417572,0.10662873181612686
3.2131511529215606,0.08299302081816437
3.207915165165578,0.0809600470984598
3.2131511529215606,0.08579663384013045
3.2114058236695664,0.08328349818906881
3.2131511529215606,0.06124509412416194
3.207915165165578,0.08260208247410479
3.2131511529215606,0.08528276497562502
3.214896482173555,0.08371912824525274
3.209660494417572,0.08058026448106548
3.2114058236695664,0.1497670821485028
3.214896482173555,0.08312706052444632
3.207915165165578,0.08112754906077604
3.2131511529215606,0.08598657208175824
3.207915165165578,0.08393126201757412
3.199188518905606,0.08120564964682504
3.1904618726456344,0.08442256787872894
3.1869712141416455,0.086142966079048
3.1799898971336686,0.08365202600836712
3.157300616857742,0.0823769854619412
3.1485739705977704,0.08688003781276299
3.134611336581816,0.08514811950588203
3.1171580440618727,0.08216536334240003
3.1014500807939234,0.08420975173567903
3.0857421175259745,0.08495827015907782
3.07177948351002,0.0822665376667415
3.0490902032340936,0.08175146895595391
3.035127569218139,0.0843440187108904
3.017674276698196,0.08337187902466774
2.998475654926258,0.08010999917611902
2.9757863746503315,0.08317024694134563
2.9600784113823826,0.08366254655734477
2.946115777366428,0.08122772973513626
2.9216811678385075,0.07972960015484437
2.9059732045705586,0.08379659859899616
2.8850292535466266,0.08248885057861907
2.8623399732707004,0.08090257167335346
2.8361600344907854,0.08413008056501559
2.815216083466854,0.08540434089288218
2.787290815434944,0.08371684634298443
2.7541295596470516,0.0815264498021276
2.7366762671271085,0.06332194067051596
2.7104963283471935,0.08424199095788898
2.684316389567279,0.08076801150383196
2.6563911215353695,0.08181799730277156
2.633701841259443,0.08378458172583289
2.607521902479528,0.08264448367290096
2.5795966344476193,0.07960589584104236
2.5551620249196985,0.08261139230888122
2.5359634031477607,0.08281352277161512
2.5115287936198403,0.1011309443380048
2.4923301718479025,0.06165762569450618
2.4766222085799536,0.08751617510564177
2.457423586808016,0.0858736371425239
2.4399702942880728,0.08308138341628325
2.4225170017681292,0.08740437523474939
2.405063709248186,0.08776143832758865
2.39459173373622,0.0849474562260951
2.3719024534602937,0.08556011643301509
2.3596851486963333,0.08705840947293034
2.3492131731843675,0.06445063297896392
2.3404865269243955,0.08187589130108187
2.33001455141243,0.0836516691697983
2.321287905152458,0.08369658075495302
2.3230332344044524,0.08303772701875863
2.314306588144481,0.080479528623132
2.314306588144481,0.08507071190187959
2.3125612588924866,0.08371909617960932
2.3108159296404924,0.07991014454658017
2.324778563656447,0.1474643772713679
2.33001455141243,0.1046178811383416
2.331759880664424,0.0599717249377822
2.34223185617639,0.08818683389097207
2.3457225146803786,0.0875392400096075
2.356194490192345,0.08476876372920215
2.361430477948328,0.08796362575748963
2.3701571242082995,0.09123624045588727
2.378883770468271,0.08816450225839058
2.3806290997202653,0.08781851655511873
2.3911010752322315,0.09172764792140055
2.3911010752322315,0.09063337137267032
2.3841197582242537,0.08825399123816112
2.378883770468271,0.09148217221266858
2.375393111964282,0.09320238406821982
2.357939819444339,0.08788449916259315
2.34223185617639,0.09188361099639679
2.324778563656447,0.09229657625803477
2.3020892833805204,0.08806237534252044
2.2776546738526,0.08901164912911055
2.2602013813326565,0.06676237029378057
2.230530784048753,0.08830657622558015
2.199114857512855,0.08478789580931011
2.1624629432209743,0.08536765467100885
2.132792345937071,0.08670956587838341
2.0996310901491784,0.0829003386199586
2.0612338466053033,0.08418343017662695
2.029817920069405,0.08629610340865701
1.9949113350295185,0.0849102864229631
1.9565140914856434,0.0841834133738261
1.9181168479417678,0.08570249105267098
1.8832102629018816,0.08686497972426728
1.8465583486100003,0.08340187210843732
1.8168877513260968,0.06457158872139186
1.780235837034216,0.08811561406602658
1.7348572764823635,0.10864189467222854
1.699950691442477,0.08562514747816641
1.6615534478986018,0.0878018851788932
1.6249015336067205,0.0880483162935369
1.5899949485668343,0.08470925325463341
1.553343034274953,0.08731113236958134
1.5254177662430437,0.08896662719034787
1.5062191444711064,0.08338275439541062
1.5009831567151233,0.08617647871225398
1.502728485967118,0.08923710667615282
1.5097098029750948,0.08665658687766074
1.5219271077390553,0.08490261191905024
1.5498523757709646,0.09222788037194608
1.5620696805349246,0.06742184816178197
1.583013631558857,0.08862126089294212
1.6057029118347828,0.09231831023255341
1.6301375213627036,0.09471912519003137
1.6510814723866356,0.09104512005015704
1.6702800941585734,0.090967261289203
1.699950691442477,0.09507562314909856
1.7104226669544431,0.08911375609020754
1.712167996206437,0.08726003368590593
1.7278759594743862,0.08943724710429304
1.7313666179783747,0.06652848065954907
1.7331119472303693,0.08568501449925706
1.7278759594743862,0.08587483931753163
1.7278759594743862,0.08583027182983276
1.7313666179783747,0.08320528209441531
1.7208946424664084,0.08128373307259179
1.7208946424664084,0.1058580674534389
1.7191493132144147,0.06204934469913966
1.7156586547104262,0.08014466581600117
1.7069320084504542,0.08303749052538309
1.70518667919846,0.10526605774456592
1.7016960206944711,0.12089273160687798
1.6964600329384885,0.10544452816768583
1.6964600329384885,0.1244896184712403
1.684242728174528,0.1024393632364948
1.679006740418545,0.1287788743122198
1.672025423410568,0.10271910830289431
1.6563174601426187,0.12798424645839243
1.6458454846306525,0.12701334363164868
1.6231562043547267,0.10244911905088121
1.6074482410867774,0.1285880880715955
1.5760323145508797,0.18687603596951707
1.5620696805349246,0.1071977956067897
1.5498523757709646,0.12388528853697776
1.5376350710070046,0.1297499541368105
1.5341444125030153,0.1073883399060116
1.5254177662430437,0.12969433355469395
1.5271630954950384,0.13358200595300282
1.5289084247470326,0.11072820307153719
1.5446163880149815,0.14122034065955102
1.5603243512829308,0.13580346907345528
1.5812683023068623,0.12033202605614804
1.5987215948268059,0.1378467055338899
1.621410875102732,0.1414987527992488
1.6406094968746698,0.13650585512295937
1.6510814723866356,0.11261554112234871
1.6755160819145565,0.1348644130887266
1.684242728174528,0.1297616325010943
1.6964600329384885,0.11055959009999144
1.7016960206944711,0.12719239389855044
1.7069320084504542,0.10966691573477733
1.7139133254584316,0.13007427879844255
1.7016960206944711,0.10518730192362574
1.7016960206944711,0.12958313706339167
1.6964600329384885,0.10341166453508109
1.6894787159305111,0.12551688547959045
1.6929693744344996,0.10431643479353155
1.6807520696705396,0.1207131816770328
1.6807520696705396,0.12471302343690273
1.6755160819145565,0.12021113265138664
1.6755160819145565,0.10542240526114771
1.6755160819145565,0.12477996435291781
1.6685347649065787,0.146460493750137
1.6702800941585734,0.1063830638351731
1.6632987771505956,0.12332743503218424
1.666789435654585,0.10758933198218133
1.6702800941585734,0.12349524331596134
1.6685347649065787,0.10336709414957912
1.6772614111665507,0.12655576231880156
1.6824973989225334,0.1015016748473138
1.6947147036864938,0.13036379242072219
1.7016960206944711,0.10507573582765253
1.7034413499464653,0.12671242358118642
1.7104226669544431,0.12943778300162856
1.7034413499464653,0.10315449482626668
1.7086773377024485,0.12944865669715702
1.712167996206437,0.10417131474495256
1.7034413499464653,0.1250589107173558
1.7191493132144147,0.12639861514706605
1.7104226669544431,0.11883686943976352
1.7243853009703978,0.10534302739105648
1.7383479349863524,0.12238789017011656
1.7575465567582897,0.12509089980374447
1.7784905077822217,0.12464426469768353
1.7889624832941875,0.1012109868026005
1.8151424220741026,0.12771242758705056
1.8360863730980346,0.12188399188119362
1.865756970381938,0.12758962547681074
1.88670092140587,0.12453220574225111
1.9006635554218247,0.12432140156697277
1.9303341527057287,0.18731456262390303
1.9425514574696887,0.1277953906509142
1.9582594207376376,0.10768933465429914
1.9582594207376376,0.1281866796137863
1.9600047499896323,0.134832943161379
1.949532774477666,0.10749969180135659
1.944296786721683,0.13298971039769045
1.9408061282176945,0.13052141698756267
1.9268434942017398,0.10928640054668849
1.9181168479417678,0.1329336119669439
1.8901915799098585,0.12923192941715492
1.8727382873899154,0.1341169168166013
1.8465583486100003,0.12709958066262583
1.827359726838063,0.13003945378903653
1.8133970928221084,0.10556698241302717
1.780235837034216,0.1475928294664606
1.768018532270256,0.10618118037404818
1.7400932642383462,0.12368066775810146
1.7243853009703978,0.10785670816615041
1.7034413499464653,0.12398523340283744
1.684242728174528,0.12306900046077959
1.6807520696705396,0.10305425664169449
1.666789435654585,0.11838911127781522
1.672025423410568,0.102372903927457
1.6737707526625618,0.11932899672576243
1.672025423410568,0.09858633861397947
1.684242728174528,0.12205376394710504
1.6964600329384885,0.0976026853309532
1.7104226669544431,0.12224341819403209
1.7191493132144147,0.10011647464023475
1.7243853009703978,0.11846892201390423
1.7348572764823635,0.125382362690742
1.7383479349863524,0.10055214739778225
1.7278759594743862,0.12383004121881616
1.7261306302223915,0.12390870450603816
1.7086773377024485,0.10027158078020222
1.7034413499464653,0.12612038401628464
1.6964600329384885,0.10173628911459896
1.6807520696705396,0.12311451641939823
1.6824973989225334,0.12560662749768337
1.672025423410568,0.10051815906213483
1.672025423410568,0.12752779258432512
1.6702800941585734,0.12386408748629432
1.6685347649065787,0.1039368253276366
1.6772614111665507,0.1250590583305969
1.6755160819145565,0.09997145428768259
1.6859880574265222,0.12672286743024996
1.6912240451825054,0.12326052480742222
1.6929693744344996,0.1035011716072092
1.699950691442477,0.10590242170670279
1.7069320084504542,0.12203201978803088
1.71740398396242,0.12806305140056906
1.722639971718403,0.1035902168687889
1.7261306302223915,0.12352897115941372
1.7366026057343578,0.12356207813973971
1.7348572764823635,0.09953582501217235
1.743583922742335,0.12445572159309547
1.747074581246324,0.12235594799712007
1.743583922742335,0.10030650247217056
1.752310569002307,0.12469027020360546
1.7540558982543013,0.09860871483087573
1.7627825445142729,0.12379673926281515
1.7662732030182613,0.1017251651123676
1.764527873766267,0.11956359628290492
1.7749998492782328,0.1240977285405137
1.7819811662862106,0.11930624961387411
1.7872171540421937,0.10344527566407481
1.7994344588061537,0.12291426808908593
1.7994344588061537,0.12055779995609904
1.8116517635701141,0.10461703028079987
1.8203784098300857,0.12215419115686693
1.8291050560900572,0.12548333928890829
1.8256143975860688,0.10382502345380011
1.806415775814131,0.18330647116805887
1.8046704465621368,0.10288679795308914
1.7907078125461822,0.1190818590283197
1.7872171540421937,0.12362948673726827
1.7784905077822217,0.1191612754473987
1.768018532270256,0.10143424174499022
1.768018532270256,0.12196513731004076
1.752310569002307,0.11859056545982895
1.7488199104983182,0.12349549381670517
1.7418385934903409,0.09984851896414608
1.7278759594743862,0.12050116095874934
1.7278759594743862,0.10163575329944152
1.7156586547104262,0.11703840709863161
1.7139133254584316,0.12261299019454577
1.7104226669544431,0.09983740753721979
1.6947147036864938,0.11798748959833687
1.6894787159305111,0.12300395655904346
1.6772614111665507,0.11797662772425697
1.6737707526625618,0.10427182495786017
1.6685347649065787,0.12339471519824621
1.6528268016386303,0.12277916498215241
1.6493361431346414,0.12600851743895752
1.6388641676226752,0.1005182624597517
1.637118838370681,0.1267347283687345
1.6283921921107094,0.12412066528055939
1.6179202165987436,0.1235843728592216
1.616174887346749,0.10531064335184258
1.6057029118347828,0.14284088353887978
1.6057029118347828,0.1708671513178722
1.6022122533307943,0.14551125857809796
1.6074482410867774,0.18959927876313556
1.6074482410867774,0.12464592442881507
1.6231562043547267,0.1462478937371086
1.6388641676226752,0.16604085304539373
1.6528268016386303,0.1858671853464788
1.6685347649065787,0.15128417110860345
1.6755160819145565,0.12450019587793189
1.6912240451825054,0.16957976263323768
1.7034413499464653,0.16204060128288345
1.712167996206437,0.16674370876250633
1.71740398396242,0.14029456014600078
1.722639971718403,0.161461806774408
1.7208946424664084,0.13387214629727195
1.722639971718403,0.15257091432162548
1.7208946424664084,0.12767295533179393
1.7208946424664084,0.1315489797289229
1.71740398396242,0.16309292818082588
1.7139133254584316,0.15032572150976228
1.7139133254584316,0.18596873404163589
1.722639971718403,0.15273832416948813
1.7261306302223915,0.15001302792023533
1.7348572764823635,0.13477701565096376
1.7418385934903409,0.16842107432858436
1.7488199104983182,0.1333807968618189
1.7488199104983182,0.13056602250224236
1.7610372152622786,0.17341346814206718
1.7540558982543013,0.11372131466111672
1.7540558982543013,0.1570386432816263
1.747074581246324,0.15443547910616903
1.7488199104983182,0.13726805756413366
1.7418385934903409,0.11487180674245737
1.743583922742335,0.1584015754656711
1.7400932642383462,0.1555306064464052
1.7418385934903409,0.1567932168657976
1.7366026057343578,0.13229683987360544
1.7383479349863524,0.13497808846142662
1.7383479349863524,0.1496329651322392
1.7366026057343578,0.13416268458723565
1.7348572764823635,0.1489290464657214
1.7331119472303693,0.13364896595695816
1.7348572764823635,0.12945998837784847
1.7313666179783747,0.1350898810580492
1.7313666179783747,0.14925304608692602
1.7278759594743862,0.1360616753990599
1.7261306302223915,0.15164353926692611
1.7191493132144147,0.15814469772357545
1.7208946424664084,0.15407832793840875
1.71740398396242,0.11927321472447389
1.7139133254584316,0.1727324603408037
1.7104226669544431,0.13702234538802902
1.7139133254584316,0.15119653480505105
1.712167996206437,0.1379606399596275
1.7156586547104262,0.13383820881857364
1.7104226669544431,0.17978098278028914
1.7156586547104262,0.11675958255777663
1.7139133254584316,0.143478548824311
1.7139133254584316,0.1789093891894923
1.7139133254584316,0.1645898397833807
1.7156586547104262,0.11925071528792218
1.7086773377024485,0.17759151244549293
1.6650441064025903,0.11237153172706069
1.609193570338772,0.127611734803582
1.5742869852988854,0.0936338856496596
1.5446163880149815,0.07674634805562992
1.5044738152191117,0.08773343989077302
1.473057888683214,0.08322406414688027
1.4032447186034407,0.1366309866362899
1.3526301702956052,0.10383671037479629
1.3194689145077132,0.09163509329899704
1.2653637076958888,0.11499359474113577
1.2217304763960306,0.0917437056012669
1.1885692206081382,0.09043980763821736
1.127482696788337,0.13101749452048403
1.090830782496456,0.08294424322392216
1.0454522219446036,0.10704448779727294
0.9965830028887622,0.10869722889624872
0.9564404300928927,0.09685944822643403
0.8936085770210968,0.13458306103464462
0.851720674973233,0.09574173148363392
0.8168140899333461,0.09781144653070084
0.7574728953655391,0.12029297891129162
0.7138396640656809,0.09554064715972001
0.6702064327658225,0.10818528913425231
0.5829399701661063,0.18881882577829615
0.5078908123303499,0.17402629076313036
0.4293509959906051,0.19194858846674465
0.35430183815484895,0.16079061876693762
0.3246312408709454,0.0698545094288401
0.29321531433504744,0.08133695269000145
0.2530727415391779,0.07970347926965056
0.2251474735072686,0.06657062082694218
0.19024088846738196,0.08454040760438575
0.19373154697137063,0.0695219246037042
0.19547687622336507,0.08378605824867262
0.21118483949131395,0.0866783137306109
0.22689280275926305,0.06662842818861446
0.23387411976724037,0.0663719439411409
0.25132741228718347,0.018363163579340567
0.2530727415391779,0.008801956052736449
0.2478367537831948,0.0008935996368280402
0.2460914245312006,1.1169999999998792e-05
0.2460914245312006,0.0
0.2478367537831948,0.0
0.2478367537831948,0.0
0.2478367537831948,0.0
0.2478367537831948,0.0
0.2478367537831948,0.0
0.2478367537831948,0.0
0.2478367537831948,0.0
0.2478367537831948,0.0
0.2478367537831948,0.0
0.2478367537831948,0.0
0.2478367537831948,0.0
0.2478367537831948,0.0
0.2478367537831948,0.0
0.2460914245312006,0.0
0.2460914245312006,0.0
0.2460914245312006,0.0
0.2460914245312006,0.0
0.2460914245312006,0.0
0.2460914245312006,0.0
0.2460914245312006,0.0
0.2460914245312006,0.0
0.2460914245312006,0.0
0.2460914245312006,0.0
0.2460914245312006,0.0
0.2460914245312006,0.0
0.2460914245312006,0.0
0.2478367537831948,0.0
0.2478367537831948,0.0
0.2478367537831948,0.0
0.2478367537831948,0.0
0.2478367537831948,0.0
0.2478367537831948,0.0
0.2478367537831948,0.0
0.2478367537831948,0.0
0.2478367537831948,0.0
0.2478367537831948,0.0
0.2478367537831948,0.0
0.2478367537831948,0.0
0.2478367537831948,0.0
0.2478367537831948,0.0
0.2478367537831948,0.0
0.2478367537831948,0.0
0.2478367537831948,0.0
0.2478367537831948,0.0
0.2478367537831948,0.0
0.2478367537831948,0.0
0.2478367537831948,0.0
0.2478367537831948,0.0
0.2478367537831948,0.0
0.2478367537831948,0.0
0.2478367537831948,0.0
0.2478367537831948,0.0
0.2478367537831948,0.0
0.2478367537831948,0.0
0.2478367537831948,0.0
0.2478367537831948,0.0
0.2478367537831948,0.0
0.2478367537831948,0.0
0.2478367537831948,0.0
0.2478367537831948,0.0
0.2478367537831948,0.0
0.2478367537831948,0.0
0.2478367537831948,0.0
0.2478367537831948,0.0
0.2478367537831948,0.0
0.2478367537831948,0.0
0.2478367537831948,0.0
0.2478367537831948,0.0
0.2478367537831948,0.0
0.2478367537831948,0.0
0.2478367537831948,0.0
0.2478367537831948,0.0
0.2478367537831948,0.0
0.25132741228718347,0.0
0.24958208303518925,0.0
0.2478367537831948,0.0
0.2478367537831948,0.0
0.2478367537831948,0.0
0.2478367537831948,0.0
0.2478367537831948,0.0
0.24958208303518925,0.0
0.24958208303518925,0.0
0.24958208303518925,0.0
0.24958208303518925,0.0
0.24958208303518925,0.0
0.24958208303518925,0.0
0.2478367537831948,0.0
0.24958208303518925,0.0
0.24958208303518925,0.0
0.2478367537831948,0.0
0.2478367537831948,0.0
0.2478367537831948,0.0
0.2478367537831948,0.0
0.2478367537831948,0.0
0.2478367537831948,0.0
0.2478367537831948,0.0
0.2478367537831948,0.0
0.2478367537831948,0.0
0.2478367537831948,0.0
0.24958208303518925,0.0
0.2478367537831948,0.0
0.2478367537831948,0.0
0.2478367537831948,0.0
0.2478367537831948,0.0
0.2478367537831948,0.0
0.2478367537831948,0.0
0.2478367537831948,0.0
0.24958208303518925,0.0
0.24958208303518925,0.0
0.2478367537831948,0.0
0.23911010752322326,0.0
0.23911010752322326,1.1170000000004589e-05
0.23911010752322326,1.1170000000004589e-05
0.24085543677521748,3.3509988658059365e-05
0.24434609527920614,5.584999489602001e-05
0.2460914245312006,1.116999999993157e-05
0.2460914245312006,7.81900000000487e-05
0.2478367537831948,0.0014856099717943977
0.2478367537831948,6.702000000023415e-05
0.2478367537831948,0.0
0.2478367537831948,0.00146326999999999
0.24958208303518925,6.701998511371543e-05
0.2478367537831948,2.2340068051588934e-05
0.2460914245312006,0.0001228699822137331
0.2460914245312006,7.819000000015689e-05
0.2460914245312006,1.1170000000006957e-05
0.2460914245312006,0.0
0.2460914245312006,0.0
0.2460914245312006,0.0
0.2460914245312006,0.0
0.2478367537831948,0.0
0.2478367537831948,0.0
0.2478367537831948,0.0
0.2460914245312006,0.0
0.2460914245312006,0.0
0.2460914245312006,0.0
0.2478367537831948,0.0
0.2478367537831948,0.0
0.2460914245312006,0.0
0.2460914245312006,0.0
0.2478367537831948,0.0
0.2478367537831948,0.0
0.2478367537831948,0.0
0.2478367537831948,0.0
0.2478367537831948,0.0
0.2478367537831948,0.0
0.2478367537831948,0.0
0.2478367537831948,0.0
0.2478367537831948,0.0
0.2478367537831948,0.0
0.2478367537831948,0.0
0.2478367537831948,0.0
0.2478367537831948,0.0
0.2478367537831948,0.0
0.2478367537831948,0.0
0.2478367537831948,0.0
0.2478367537831948,0.0
0.2478367537831948,0.0
0.2478367537831948,0.0
0.2478367537831948,0.0
0.2478367537831948,0.0
0.2478367537831948,0.0
0.2478367537831948,0.0
